Product,Price
Organic Ladies 100% Cotton Vneck (Light Grey) Fashionable Tees t shirt tshirt shirts tshirts v neck blouse tops top for women womens,149.00
LVLIN Korean Style Lettuce Embroidery Fashion Blouse For Women,88.11
Crown Ladies Hertee Round Neck Tshirt Collection Fashionable Tees t shirt tshirt shirts tshirts round neck blouse tops top for women womens,89.00
korean terno top and pants .. fashion terno top and pants ..,199.00
Korean Style Loose Leopard Print Short-sleeved T-shirt Summer Casual Wear for Female Students,399.00
Snake Skin Spaghetti Bodycon Dress,260.00
ZANZEA Korean Style Womens Casual Loose Short Sleeve Dress Pleated Square Neck Midi Dress,666.00
Huga Activewear Mens Basic Plain Round Neck Cotton White TShirt Shirt T Shirt Tee Tees Top Tops for Men,149.00
Organic Mens Tipped Pique Polo Shirt (Black) Tees t shirt tshirt shirts tshirts tee tops top for men,249.00
BLACK SHEEP NEOPRENE SKATER SKIRT (PINK),200.00
Hot Jc New Lingge Fashion Leisure Embroidery Bag,194.00
2021 Korean New Style Sunglasses Flat Frame Tinted Color For Women Men Fashion Eyeglasses,130.00
Pearl Hair Clips for Women Hair Clip Fashion Hairpin Jewelry,15.00
✆ 28 Colors Scrunchies Chiffon Large Intestine Headdress hair tie scrunchie ponytail Ins Women's Sweet Scrunchie Hair Tie Sunton Korea 1PC Satin Daisy Hair Tie Elastic Scrunchies Ponytail Holder Hair Rope hair tie fashion hair accessories ponytail holder,124.00
Homer Charm Korean Finger Heart T-Shirt for Women,59.00
comfortable❡ WILD FASHION Munafie Slimming Panty Cycling Shorts Seamless Yoga Sports Tights High Waist Shorts,106.00
☸㍿﹍ Belt G Korean Fashion Women Lady's Belts Leather Metal Buckle Waist Belt #GG01,160.00
neyiewywnrshop YZ Korean Fashion Shoulder Simple Elegant Cute Leather Ladies Women bag Casual Handbags Yazi 2821,209.00
New Fashion Cotton Stripe Shorts For Men （26-34）,184.00
Kids Everyday Leggings Sizes for Infant-10 Years Old,20.00
KREME Jhulie Kids Short (2 to 10yrs old) Assorted Prints #09kids,34.65
BUNDLE OF 3 TASLAN Ruffles Short for Women New Design FREESIZE ONLY,132.00
PatPat Long Sleeve Cool Cartoon Eye Print Solid Dino Decor Pullover for Toddler & Kid-Z,386.10
HNTOB girl legging pajama bottom pants baby leggings cotton kids bottom sold by each RANOMLY GIVEN anti-Mosquitoes no choosing of colors designs premium cloth,35.00
Korean fashion women summer cartoon short sleeves T-shirts oversized shirt 3085,99.00
Ready Stock Kids Girls Fashion Sandals Princess Shoes Flowers Suede Leather Soft 3 Colors,329.00
2020 Korean Fashion style loafer shoes sandals flat for ladies wedge’ shoes(add 1 size bigger ),181.00
▼ square neck tops blouse plain semi crop tops Korean fashion slim fit free size SN,157.00
【cw】for 【luckiss】4 sizes Leggings !!!(good quality leggings) Fashion acid pants yoga/leggings wear,296.00
【SPOT HOT SALE】 Mumu Mini Korean Fashion Cute Ladies Leather Sling Bag Ins Bags Women #2345,180.00
BS Women's Fashion Sandals,105.00
Korean women's fashion white shoes casual low-top rubber shoes,296.00
YZ Fashion Summer Men and Women Three Bars Couple Leisure House Slippers yazi (add 1 size) S008,124.00
Baseball cap)Children's cap)❅▥WILD FASHION Warning Korean Baseball Cap,522.00
(shoppe unlimited)Ribbed V Shape Puff Sleeve Knitted Crop Top,147.00
1 PCS KIDS Twisty Petz DIY Elf Unicorn Magic Twisted Bracelet Children Beaded Toy Fashion Accessories,66.00
SS Halter Top Korean Fashion Women Tops Slim Fit,225.50
2021 New fashion trend comfortable converse lazy Unisex shoes,269.00
New Fashion Ladies outdoor casual slippers (add 1 size)home slippers,128.00
Cross Earrings Male and Female Personality Hipster Internet Celebrity Gothic Punk Hip Hop Simple Ins Temperament Earrings Ear Studs,85.00
[JAY.CO]Fashion Korean leather POP women's watch#GNL01,131.00
New Fashion Women's flip flops outdoor leisure Velcro slippers (add 1 size)home slippers,118.00
Fashion Women's Cotton Turtle Neck Casual Top With Sleeves Crop Top turtleneck inner plain short sleeves korean top,65.00
Best SSPH COD New Style Fashionable Trendy Cotton Plain Korean OOTD Drape Jogger Pants Damit for Women,219.00
Unisex Jacket Pull Over Hoodie G•PLUS,180.00
【COD & Ready Stock】Street Fashion Purple Marvelous Cloud Oversize Smiley Summer Couples Loose Short Sleeve T-Shirts Vintage Shirts,196.00
2Pcs Set Fashion Couple Rings Heart-to-heart Butterfly Rings Lovers Vow Rings Wedding Jewelry Accessories,88.00
HYJa SS Track Short Dual Lining Women Shorts Korean Fashion,224.00
BUY1 TAKE 1 DOUBLE PLUS SIZE Taslan Shorts For Men| For Women | Unisex | Tailored Shorts | Above Knee-High | XL - 3XL | Taslan Casual | Chino Drifit Quality Korean Fashion Trend Shorts Pambahay | Pangtulog | Pang alis | Panglakad | Sale Items PangMataba,395.01
QQS 2020 new arrival Korean version of a pedal lazy shoes flat with white shoes,299.00
♛㍿™ Plain Jacket No Logo Fashion Casual Design Women Clothing Men Apparel Unisex Outerwear For Gift,446.00
Mumu #CT56 Bangkok Fashion Sexy Kylie CUTOUT top Crop top for Women,214.00
Long Pencil Pant Ripped Slim Blue Denim Spring Hole 2021 Fashion Thin Skinny Streetwear Jean for Men Boy Hiphop Trousers Clothes,"1,005.00"
21 Spring and Summer New Balmain Liu Yuqi Celebrity Same Style Balman Cotton Sleeveless round Neck Vest T-shirt for Women,552.00
Fengshanji Original Lolita Chinese Style [Chuanda Tuanzi]-{Intention Collection} Please Add It to Favorites If You like It,215.00
2020 nian Summer New Style Fashion Modified Online Celebrity Cheongsam nian qing kuan Tight Vintage Dress Girly Style Installed,378.00
Spring And Summer Shirt Female 2020 New Style Korean Style Versatile Loose Long-sleeve Blouse CHIC on Clothes Fashion Laziness Base Shirt,425.00
Caidaifei 2019 Spring And Summer New Style WOMEN'S Blouse Versitile Fashion Casual Shirt Trendy Pure Color  Slim Fit Chiffon Shirt,223.00
French Sense of Design Square Collar Tops Long Sleeve Female Vintage Puff Sleeve Waist Hugging Short Pullover CHIC Hong Kong Flavor Shirt Fashion,319.00
2020 New Style Early Autumn Western Style WOMEN'S Dress V-neck Fashion Chiffon White Shirt Long Sleeve Online Celebrity Sense of Design Young on the Clothes,536.00
Korean Chic Fashionable round Neck Personalized Pleated Puff Sleeve Cinched Waist Slim-Fit Slimming Cotton Large Swing Dress for Women,657.00
Fresh Floral Short-Sleeved Shirt for Women 2021 Summer New French Style Retro Peter Pan Collar Puff Sleeve Loose Top,336.00
Caidaifei 2018 Spring And Summer New Style Korean-style WOMEN'S Wear Slimming Shirt Stripe Short Sleeve Shirt Leisure Trend Chiffon Shirt,235.00
Autumn Clothing women 2018 New Style Korean Style Fashion Sexy Square Collar Chiffon Long Sleeve Slim Fit Slit Mid-length dress for women Fashion,825.00
Exposed Shoulder Chiffon Shirt women Short Sleeved 2020 Summer New Style Korean Style Loose Western Style Shirt Flounced Off-shoulder Tops Fashion,317.00
Spring Summer Fashion Europe And America Hot Selling New Style Large Size Dress Korean-style Slim Fit Lace Base Shirt Women's Thickness,322.00
Palace Style Vintage Pleated Square Collar Velvet Dress Female High-waisted Slim Fit Slimming Gauze Puff Sleeve Black Dress Fashion,555.00
Hong Kong Style Ins Long-sleeved T-shirt Female Early Autumn Korean Style Students Loose Laziness Wind Smell Hip Hop Short Chic Tops Fashion,239.00
2020 nian Summer New Style Skirt nian qing kuan Elegant Retro Cool Modified Mandarin Collar Dress Girls' Clothing,383.00
Summer plaid suit wide-leg jumpsuit women clothes new,"1,128.00"
Korean Chic French Style Lightly Mature Square Collar Heavy Industry Feather Tassel Slim High Waist Mid-Length Sheath Dress for Women,587.00
Vintage Court Style 2020 New Autumn Puff Sleeve Collar off-Shoulder Tube Top Sexy Skinny Hip Dress,614.00
3k store heart bangles bracelet fashion accesories,420.00
3k store silver gold plated fashion accesories bracelet,280.00
Fashion Freebies! Free shipping!!! Pearl Hair clip - hair accesories,125.00
3k store channel bangles bracelet fashion accesories,220.00
3k store necklace anchor pendant plated gold fashion accesories,450.00
"AFFNIQCHIC Hiri,Korean Fashion Hair Clips Accesories",80.00
"AFFNIQCHIC Helen,Korean Fashion Hair Clips Accesories",80.00
Best Square Hair Claw-Clamp Fashion Hair Accesories,158.00
Fashionable Alphabet lnitial Necklace stainless Accesoris jewelry,197.00
vintage necklace on neck Gold chain Women's jewelry layered accesories for girls clothing aesthetic Gifts fashion Pendant 2021,311.00
2021 New Hot Luxury Designer Brand Necklace Set Pearl Jewelry Gift For Women Wedding Pendant Charm Fashion Accesories Neck Chain,"2,180.00"
hot YZ Fashion Summer Men and Women Three Bars Couple Leisure House Slippers yazi (add 1 size) S008,206.00
Fashion Women's Cotton Turtle Neck Casual Top With Sleeves Crop Top turtleneck inner plain short sleeves korean top,65.00
SS Korean Fashion Garter Crop Top Slim Fit Women Tops,155.00
SPOT HOT SALE] Jvf Korean Fashion Loafer Sandals For Ladies #599-1,250.00
RM women's turtle neck knitted blouse,169.00
New fashion short sleeve blouse for Women T-shirt,49.00
Off Shoulder Crop Top,69.00
12.12 SALE! COD KOREAN FASHION DESIGN MALL PULL OUTS ASSORTED CROPTOP BLOUSES PURE COTTON (ASSORTED DESIGNS ONLY) PROMO!!!,25.00
Korean Hair Accessories Children's Hairpin Super Cute Child's Headwear Anti-Skating Headband Kids Princess Flower Headdress for Girls,51.00
5002 Fashion Denim Dolphin Short for Ladies,170.00
Blue Corner Kids Polo Shirt Plain White Unisex Comfort Wear with Collar,130.00
womens berret hat with visor faux,85.00
Korean 3 Bar Baseball Cap Unisex Cotton,79.00
Fashion Lady Anklet 18K Gold Tassel Two-layer Leaf Pearl Anklet European Retro Summer Beach Simple Double-layer Tassel Leaf Anklet Unisex Jewelry Accessories,235.00
Zihang Jewelry 14k rosegold plated heart necklace for women,39.00
Cross Tree Leaf Multi Style Necklace Bird Double Layer Necklace,22.00
☾ 【LaLa】 Women Fashion Thick Platform Muffin Sandals,444.00
Mumu #CT56 Bangkok Fashion Sexy Kylie CUTOUT top Crop top for Women,214.00